{
	"info": {
		"_postman_id": "b7433516-6aed-4525-b85b-6d0f74f17aef",
		"name": "userServices",
		"schema": "https://schema.getpostman.com/json/collection/v2.1.0/collection.json"
	},
	"item": [
		{
			"name": "http://localhost:8111/api/user/createuser",
			"request": {
				"method": "POST",
				"header": [],
				"body": {
					"mode": "raw",
					"raw": "{\"firstName\": \"abc1\",\r\n  \"surname\": \"xys1\",\r\n  \"title\": \"hello\",\r\n  \"dob\": \"2018-03-29\"\r\n  }",
					"options": {
						"raw": {
							"language": "json"
						}
					}
				},
				"url": {
					"raw": "http://localhost:8111/api/user/createuser",
					"protocol": "http",
					"host": [
						"localhost"
					],
					"port": "8111",
					"path": [
						"api",
						"user",
						"createuser"
					]
				}
			},
			"response": []
		},
		{
			"name": "http://localhost:8111/api/user/deleteuser/61346e7876eb75286e4b6f43",
			"request": {
				"method": "DELETE",
				"header": [],
				"body": {
					"mode": "raw",
					"raw": "",
					"options": {
						"raw": {
							"language": "json"
						}
					}
				},
				"url": {
					"raw": "http://localhost:8111/api/user/deleteuser/61346e7876eb75286e4b6f43",
					"protocol": "http",
					"host": [
						"localhost"
					],
					"port": "8111",
					"path": [
						"api",
						"user",
						"deleteuser",
						"61346e7876eb75286e4b6f43"
					]
				}
			},
			"response": []
		},
		{
			"name": "http://localhost:8111/api/user/updateuser/61346f5a76eb75286e4b6f44",
			"request": {
				"method": "PUT",
				"header": [],
				"body": {
					"mode": "raw",
					"raw": "{\"firstName\": \"mm\",\r\n  \"surname\": \"m2\",\r\n  \"title\": \"m3\",\r\n  \"dob\": \"2018-03-29\"\r\n  }",
					"options": {
						"raw": {
							"language": "json"
						}
					}
				},
				"url": {
					"raw": "http://localhost:8111/api/user/updateuser/61346f5a76eb75286e4b6f44",
					"protocol": "http",
					"host": [
						"localhost"
					],
					"port": "8111",
					"path": [
						"api",
						"user",
						"updateuser",
						"61346f5a76eb75286e4b6f44"
					]
				}
			},
			"response": []
		},
		{
			"name": "http://localhost:8111/api/user/readuser",
			"protocolProfileBehavior": {
				"disableBodyPruning": true
			},
			"request": {
				"method": "GET",
				"header": [],
				"body": {
					"mode": "raw",
					"raw": "{\"firstName1\": \"abc1\",\r\n  \"surname\": \"xys1\",\r\n  \"title\": \"hello\",\r\n  \"dob\": \"2018-03-29\"\r\n  }",
					"options": {
						"raw": {
							"language": "json"
						}
					}
				},
				"url": {
					"raw": "http://localhost:8111/api/user/readuser",
					"protocol": "http",
					"host": [
						"localhost"
					],
					"port": "8111",
					"path": [
						"api",
						"user",
						"readuser"
					]
				}
			},
			"response": []
		}
	]
}